bplist00_ыб203006516,dummy,0.000000,0.000000,0.000000,303.885315,226.313950,-647.704529,-0.187549,-0.635054,-0.749354,0.000000-0.364257,6.231103,-3.134219,-1.660233,8.060181,-2.039429,39.424000,-14.051379,5.051987,0.979887,-0.068162,0.187549,-0.068023,0.769467,0.635054,-0.187599,-0.635039,0.749354,-0.004514,-0.013246,-0.015538,101.7164001464844,0.000015
203006725,dummy,-18.114349,-6.332687,-41.350891,315.891998,228.581558,-666.124817,-0.166017,-0.624748,-0.762973,0.015778-0.183432,-7.202953,1.224539,-0.270737,-4.941254,0.671783,38.663728,-12.275738,4.075142,0.984105,-0.063056,0.166017,-0.055489,0.778852,0.624749,-0.168697,-0.624030,0.762973,0.007417,0.020851,0.002277,101.7164001464844,0.000015
203006920,dummy,-18.410126,-5.733505,-41.279480,316.192627,228.657700,-665.897217,-0.165093,-0.622897,-0.764686,27.084007-1.129063,-5.116126,-0.992507,-1.902328,-4.629288,-0.935410,38.527973,-12.183003,-112.642003,-0.497623,-0.851537,0.165093,0.722011,-0.301165,0.622897,-0.480699,0.429167,0.764686,0.013879,0.004382,-0.008783,101.7164001464844,0.000015
203007116,dummy,-18.111176,-5.882599,-41.276550,316.191406,228.507294,-666.272034,-0.158869,-0.622827,-0.766060,27.3499762.556103,-0.243970,-0.833842,2.277390,0.176590,-0.891129,38.522837,-11.716147,-113.075988,-0.500139,-0.851247,0.158869,0.719760,-0.306647,0.622827,-0.481463,0.425847,0.766060,0.015848,0.003198,0.016014,101.7164001464844,0.000015
203007325,jog,-18.337494,-6.107834,-40.828247,315.365265,228.280716,-665.379089,-0.164953,-0.630725,-0.758272,27.698847-2.178608,8.675610,-1.439576,-3.685104,8.066360,-1.695511,39.103620,-12.272766,-113.129327,-0.507125,-0.845940,0.164953,0.713632,-0.304821,0.630725,-0.483274,0.437572,0.758272,0.004506,-0.005307,0.000002,101.7164001464844,0.000015
203007521,jog,-19.162109,-6.035446,-40.985779,316.041138,228.432297,-665.823242,-0.171234,-0.624963,-0.761643,27.7053782.715877,-15.065739,5.160774,3.113602,-23.567108,8.663422,38.679487,-12.670692,-113.065359,-0.508365,-0.843945,0.171234,0.718248,-0.305845,0.624963,-0.475064,0.440698,0.761643,0.026062,0.049707,0.024216,101.7164001464844,0.000015
203007716,jog,-27.519470,-11.005661,-36.103516,305.507629,223.231552,-659.985229,-0.314700,-0.738628,-0.596148,36.77631850.797012,-300.852976,-69.393595,43.168747,-297.043091,-67.365356,47.614677,-27.829103,-114.167536,-0.676651,-0.665663,0.314700,0.615029,-0.275986,0.738628,-0.404824,0.693343,0.596148,0.198398,-0.099690,0.099642,101.7164001464844,0.000015
203007926,jog,-35.262207,-25.264847,-22.051819,297.559509,211.895172,-647.514771,-0.185653,-0.901602,-0.390701,64.19435941.471184,-60.341279,-126.883372,32.214249,-112.967850,-113.416183,64.369429,-25.416129,-137.863905,-0.929390,-0.319011,0.185653,0.290206,-0.320772,0.901602,-0.228069,0.891817,0.390701,0.111175,-0.092707,0.040740,101.7164001464844,0.000015
203008121,jog,-32.770691,-34.618378,-8.065369,301.534729,200.147018,-632.611389,-0.044381,-0.955168,-0.292721,97.812347-9.186786,-43.904944,-53.279133,-18.950027,-33.256714,-49.995056,72.778536,-8.621299,178.747770,-0.985335,0.164755,0.044381,-0.006470,-0.295995,0.955168,0.170505,0.940873,0.292721,-0.146018,-0.049181,-0.006886,101.7164001464844,0.000015
203008317,jog,-25.729889,-35.577194,-13.025513,308.274963,199.112198,-637.649109,0.106081,-0.933960,-0.341271,101.4285285.113549,-38.687305,-11.264727,-1.359146,-69.964706,-3.827103,69.060752,17.267365,156.340438,-0.985916,0.129289,-0.106081,-0.143416,-0.327339,0.933960,0.086026,0.936020,0.341271,0.185209,-0.105911,-0.113029,101.7164001464844,0.000015
203008526,jog,-26.466034,-33.776871,-10.484863,307.987946,200.764160,-634.804199,0.067460,-0.925036,-0.373841,109.2465821.565389,-19.881286,-15.958635,-0.970551,-58.915421,-12.077866,67.673816,10.228961,154.086078,-0.956945,0.282321,-0.067460,-0.166015,-0.341683,0.925036,0.238108,0.896408,0.373841,0.047027,0.066607,-0.024184,101.7164001464844,0.000015
203008721,jog,-27.648285,-31.378494,-8.549072,306.729889,203.086792,-633.394043,0.007803,-0.910078,-0.414363,114.712997-5.189660,-20.626352,9.568099,-3.901047,-36.730682,17.390961,65.516190,1.078846,154.784643,-0.911852,0.410444,-0.007803,-0.176559,-0.374946,0.910078,0.370610,0.831235,0.414363,-0.116263,-0.023821,-0.020940,101.7164001464844,0.000015
203008917,jog,-30.324188,-28.158463,-5.502991,304.877930,206.159302,-630.340332,-0.135409,-0.930493,-0.340363,112.93663826.013462,26.450717,48.327721,22.649216,42.029114,50.398438,68.511809,-21.694459,173.597748,-0.885019,0.445428,0.135409,-0.040846,-0.364025,0.930493,0.463760,0.817973,0.340363,-0.120954,0.053174,0.019288,101.7164001464844,0.000015
203009126,jog,-29.469818,-23.438263,-12.852417,304.681030,210.651962,-637.098816,-0.185680,-0.927793,-0.323610,89.6633003.799619,54.958673,40.792034,-0.970947,35.585770,42.743332,68.093332,-29.846256,-159.022019,-0.975180,0.120610,0.185680,0.133572,-0.348366,0.927793,0.176585,0.929567,0.323610,0.230297,0.057126,0.010911,101.7164001464844,0.000015
203009321,jog,-29.464783,-22.688629,-13.228455,305.140900,212.152130,-638.296936,-0.222054,-0.920465,-0.321615,87.7498933.708383,-29.756593,-37.805268,7.380219,-58.107590,-52.191666,66.994152,-34.622582,-154.212916,-0.968475,0.112909,0.222054,0.170020,-0.351906,0.920465,0.182071,0.929201,0.321615,-0.010062,0.048563,0.093130,101.712776184082,0.000015
203009516,jog,-26.133698,-29.496155,-5.763306,309.439362,204.148987,-629.321289,-0.043919,-0.961959,-0.269641,97.9853748.858919,-107.778534,-91.821197,5.955612,-101.995605,-82.186462,74.145585,-9.251026,161.304419,-0.885345,0.462856,0.043919,-0.087570,-0.258779,0.961959,0.456613,0.847820,0.269641,0.149616,-0.084001,-0.223096,101.712776184082,0.000015
203009727,jog,-20.912720,-33.975784,-1.059631,312.494598,201.086502,-625.989136,0.028541,-0.949773,-0.311635,126.008713-18.944901,-95.672577,-49.036937,-24.690231,-101.746338,-50.755737,71.763531,5.232830,134.694895,-0.761977,0.646975,-0.028541,-0.222457,-0.220100,0.949773,0.608198,0.730054,0.311635,-0.090995,0.150518,-0.040202,101.712776184082,0.000015
203009922,jog,-17.022675,-35.463257,-0.197388,316.981415,199.150681,-625.270874,0.036726,-0.897455,-0.439574,149.574280-21.026317,-108.791827,-14.026978,-3.977112,-106.801727,-5.486420,63.825547,4.775874,113.854671,-0.471352,0.881181,-0.036726,-0.403424,-0.178391,0.897455,0.784268,0.437833,0.439574,-0.283750,0.053446,0.044661,101.712776184082,0.000015
203010117,jog,-19.789459,-34.641556,4.801514,315.417969,200.426224,-620.036804,-0.009057,-0.960612,-0.277747,146.10049485.584435,187.262272,27.835213,79.265732,200.544296,28.094620,73.865416,-1.867679,126.743241,-0.572825,0.819628,0.009057,-0.222684,-0.166245,0.960612,0.788850,0.548245,0.277747,-0.259193,-0.376959,-0.095392,101.712776184082,0.000015
203010327,jog,-23.428741,-28.442902,-10.615540,311.162476,204.150360,-633.130737,-0.079369,-0.930110,-0.358602,93.509605-92.517077,19.816066,106.101231,-80.871933,-34.733231,95.474197,68.452009,-12.479994,-176.845288,-0.985953,0.146959,0.079369,0.020212,-0.366724,0.930110,0.165795,0.918649,0.358602,0.272560,0.102870,0.237463,101.712776184082,0.000015
203010522,jog,-28.359222,-25.830185,-8.113831,305.872955,209.160278,-632.360901,-0.229651,-0.931293,-0.282763,88.16658065.362137,-42.791559,-14.731190,39.374893,-95.694656,-26.698471,68.637210,-39.082373,-152.602617,-0.959344,0.164074,0.229651,0.167623,-0.323414,0.931293,0.227073,0.931924,0.282763,0.429754,-0.279111,-0.242277,101.712776184082,0.000015
203010717,jog,-22.328033,-32.555573,-1.599487,311.528687,202.432938,-626.674927,-0.041858,-0.944113,-0.326954,121.649734-74.822325,-183.856043,-142.621849,-74.602722,-193.241989,-142.251297,70.754101,-7.295616,145.070633,-0.744575,0.666225,0.041858,-0.188731,-0.270244,0.944113,0.640303,0.695063,0.326954,-0.008938,0.240988,0.249592,101.7132720947266,0.000015
203010927,jog,-11.033447,-36.798096,-2.991455,323.721558,197.893768,-627.383301,0.029566,-0.835738,-0.548331,172.377502-24.344398,-33.155934,-21.576805,16.754471,-8.157257,-10.134430,56.692797,3.086426,94.289599,-0.119561,0.992386,-0.029566,-0.547590,-0.041073,0.835738,0.828161,0.116112,0.548331,-0.552927,-0.034867,0.113822,101.7132720947266,0.000015
203011122,jog,-15.221924,-35.752304,5.369324,319.906555,198.789734,-619.993958,0.036733,-0.979609,-0.197529,143.207733149.176044,375.564809,157.841642,106.288498,387.886566,183.625214,78.409532,10.534426,116.678128,-0.601442,0.798071,-0.036733,-0.179526,-0.090206,0.979609,0.778484,0.595773,0.197529,0.092693,-0.471594,0.054249,101.7132720947266,0.000015
203011318,jog,-26.861816,-25.830856,-13.275330,308.038879,208.187195,-636.914856,-0.292770,-0.858708,-0.420602,76.675072-136.059704,-30.171070,97.485323,-126.563461,-55.149948,100.716660,59.171822,-34.840740,-146.013108,-0.954766,-0.052028,0.292770,0.286470,-0.424919,0.858708,0.079726,0.903735,0.420602,0.291763,0.098958,0.342721,101.7132720947266,0.000015
203011527,jog,-31.648041,-24.042694,-10.771057,302.738068,211.547760,-635.467590,-0.398627,-0.853207,-0.336355,76.90837973.239135,3.882202,-92.054066,62.043915,-3.869858,-108.435440,58.562159,-49.842883,-138.754452,-0.914797,0.065134,0.398627,0.343867,-0.392166,0.853207,0.211901,0.917586,0.336355,0.191947,-0.295673,-0.150202,101.7132720947266,0.000015
203011722,jog,-18.382874,-36.670807,-3.657776,313.008270,199.660339,-628.682373,0.013086,-0.954600,-0.297602,126.218750-57.343406,-171.053154,-218.586202,-60.869858,-178.689743,-216.591995,72.669117,2.517848,140.923680,-0.801992,0.597191,-0.013086,-0.187776,-0.231254,0.954600,0.567053,0.768039,0.297602,-0.105295,0.217357,0.136286,101.7132720947266,0.000015
203011918,jog,-1.003174,-39.248230,-8.222473,334.349762,195.145538,-632.533508,0.348582,-0.774281,-0.528185,174.02053819.663426,43.558941,-42.895214,38.281403,63.837891,-26.857910,50.739923,33.423314,77.426259,-0.234567,0.907452,-0.348582,-0.617664,0.137767,0.774281,0.750646,0.396927,0.528185,-0.676142,-0.163219,0.049043,101.7132720947266,0.000015
203012128,jog,-15.103668,-39.808609,-1.298584,323.539215,193.095734,-624.902771,0.151704,-0.971209,-0.183679,130.00041214.747300,305.276370,261.149687,1.303024,223.297806,271.505371,76.218071,39.553952,107.593960,-0.822598,0.548014,-0.151704,-0.227083,-0.072009,0.971209,0.521312,0.833364,0.183679,0.260710,-1.639691,-0.085226,101.7129745483398,0.000015
203012323,jog,-27.212372,-33.476059,-7.417053,306.641602,201.063263,-631.666748,-0.198216,-0.960664,-0.194511,75.732803-25.677172,-43.164381,-1.482802,-37.870132,-100.967255,3.601593,73.876295,-45.540614,-140.028925,-0.977243,0.075537,0.198216,0.178402,-0.212830,0.960664,0.114752,0.974165,0.194511,1.093190,1.172670,0.326896,101.7129745483398,0.000015
203012518,jog,-19.830139,-40.195282,1.209473,316.495636,193.901108,-623.392395,0.105191,-0.970353,-0.217601,117.845497-34.084358,-118.463648,-284.992648,-49.306122,-82.505844,-290.512207,76.013537,25.799572,115.027335,-0.763550,0.637124,-0.105191,-0.218999,-0.102248,0.970353,0.607480,0.763949,0.217601,0.533527,-1.733947,-0.584859,101.7129745483398,0.000015
203012728,jog,0.633148,-41.045471,-10.380066,332.761200,193.339020,-634.270142,0.286042,-0.715497,-0.637372,175.915756-2.798353,84.860511,-46.638366,-8.745453,97.924606,16.469620,45.683954,24.169767,77.200988,-0.083564,0.954566,-0.286042,-0.681257,0.154766,0.715497,0.727259,0.254658,0.637372,-1.337251,1.043347,0.976484,101.7129745483398,0.000015
203012923,jog,-15.866730,-41.759689,-0.102478,317.016785,193.451324,-624.737061,0.093110,-0.982035,-0.164127,110.73996077.883022,294.950572,195.093985,96.373581,222.540741,176.392853,79.123152,29.566489,129.307980,-0.925934,0.366028,-0.093110,-0.146006,-0.119538,0.982035,0.348322,0.922894,0.164127,0.487471,-1.863577,0.372974,101.7129745483398,0.000015
203013118,jog,-20.350891,-39.005096,-7.046997,313.805817,195.984375,-632.044678,0.024460,-0.978851,-0.203107,83.084961-13.762853,-196.132201,-104.161423,-12.282623,-206.830276,-116.369858,78.195382,6.866865,171.309845,-0.999112,0.034317,-0.024460,-0.030909,-0.202226,0.978851,0.028645,0.978737,0.203107,0.745560,0.914001,0.504392,101.7129745483398,0.000015
203013328,jog,-2.453949,-43.297485,-3.129517,332.076904,191.617355,-628.873718,0.327555,-0.862093,-0.386656,149.651611-101.529095,-402.833356,-48.205310,-101.776978,-381.887939,-41.020157,59.552426,40.269552,92.640357,-0.591801,0.736532,-0.327555,-0.506212,-0.023344,0.862093,0.627312,0.676000,0.386656,-0.123591,-0.414900,0.445631,101.7131195068359,0.000015
203013523,jog,0.394104,-43.292816,-7.003906,334.702454,191.996063,-633.050659,0.230803,-0.814397,-0.532436,166.019089113.767497,207.029017,180.093906,152.031525,356.154663,285.039490,54.527770,23.436017,88.515527,-0.300028,0.925588,-0.230803,-0.580114,0.015033,0.814397,0.757266,0.378234,0.532436,-0.921080,0.722051,0.760524,101.7131195068359,0.000015
203013718,jog,-20.439545,-41.251297,-2.994446,314.465057,193.366379,-627.009888,-0.032291,-0.975991,-0.215404,94.959961-58.550683,123.999612,38.749757,-61.002762,106.380173,25.961319,77.419485,-8.525724,-177.261801,-0.994733,0.097284,0.032291,0.010405,-0.217563,0.975991,0.101974,0.971186,0.215404,0.683170,0.417657,0.381328,101.7131195068359,0.000015
203013929,jog,-8.391663,-45.115204,-3.030151,325.165802,189.947845,-627.658447,0.193769,-0.916645,-0.349592,135.10548419.680492,-344.267489,-208.632049,24.740601,-291.155640,-157.216064,66.440498,28.998405,113.090905,-0.751798,0.630280,-0.193769,-0.367679,-0.156759,0.916646,0.547369,0.760377,0.349592,0.611101,-2.360622,-0.637926,101.7131195068359,0.000015
203014123,jog,-5.464630,-44.436874,-8.479858,330.115601,190.257935,-632.414307,0.073170,-0.818819,-0.569369,169.1661531.306610,32.689436,20.285517,48.009155,144.249893,53.499619,54.966774,7.323030,94.375150,-0.179730,0.980991,-0.073170,-0.572379,-0.043792,0.818819,0.800050,0.189047,0.569369,-1.298375,1.316027,1.095263,101.7131195068359,0.000015
203014319,jog,-13.413391,-44.383926,-6.676514,321.712708,189.783569,-631.589233,0.093296,-0.911636,-0.400271,123.09985415.104200,149.598737,17.017703,11.595657,120.608536,21.634995,65.732355,13.120312,139.552262,-0.875385,0.474339,-0.093295,-0.266638,-0.312770,0.911636,0.403244,0.822908,0.400271,0.896283,-0.988725,-0.138944,101.7131195068359,0.000015
203014528,jog,-16.563660,-44.245865,-9.180054,317.369385,190.967407,-634.705078,0.014303,-0.889917,-0.455898,113.09758011.847548,-77.911387,-59.028318,32.032761,-78.884857,-94.616302,62.862849,1.796949,154.782983,-0.916145,0.400592,-0.014303,-0.194330,-0.412654,0.889917,0.350592,0.818073,0.455898,0.409617,0.814234,0.510555,101.7131195068359,0.000015
203014724,jog,-1.345184,-44.731522,-15.492310,333.110931,190.183624,-640.712219,0.263975,-0.744566,-0.613138,143.025009-98.550061,-208.722248,-80.311741,-79.585114,-171.022202,-81.458694,48.121847,23.293336,115.416210,-0.660142,0.703228,-0.263975,-0.602939,-0.286506,0.744566,0.447970,0.650680,0.613138,-0.292631,0.071684,0.427073,101.7131195068359,0.000015
203014918,jog,1.656799,-44.422867,-15.840759,335.809082,189.818100,-639.337402,0.279949,-0.765992,-0.578693,142.331558134.343851,292.635002,178.792305,147.172272,373.056183,238.536163,49.995286,25.815901,114.480692,-0.676617,0.681042,-0.279949,-0.585059,-0.266389,0.765992,0.447097,0.682069,0.578693,-0.895275,0.431137,0.768756,101.7131195068359,0.000015
203015129,jog,-26.387360,-44.420334,-4.168213,309.561798,189.302078,-626.597900,-0.125295,-0.972160,-0.198003,64.15976711.217413,294.077456,53.978842,-11.357803,287.281097,28.375824,76.448657,-32.325347,-129.168362,-0.936747,-0.326811,0.125295,0.181664,-0.147995,0.972160,-0.299170,0.933430,0.198003,0.204549,0.016579,0.380178,101.7131195068359,0.000015
203015324,jog,-24.082092,-47.558960,0.282227,310.895172,186.684479,-623.206970,-0.046353,-0.986414,-0.157603,81.36676067.681615,-200.912869,-183.856466,67.531006,-146.176193,-261.059326,80.544701,-16.389329,-157.837895,-0.993482,-0.104134,0.046353,0.061970,-0.152141,0.986414,-0.095667,0.982858,0.157603,0.068814,-1.376119,0.006816,101.7131195068359,0.000015
203015519,jog,3.199158,-49.364319,-11.919434,337.500580,184.727463,-635.039551,0.282567,-0.736618,-0.614450,139.542130-152.730065,-258.321197,-142.546226,-144.535263,-243.459106,-150.402161,47.444153,24.696228,113.502927,-0.644553,0.710428,-0.282567,-0.620202,-0.269709,0.736618,0.447104,0.650038,0.614450,-1.232823,0.195557,0.902140,101.7131195068359,0.000015
203015729,jog,-9.868134,-52.247711,-6.107788,322.939270,182.813004,-630.817749,0.208800,-0.919683,-0.332545,104.180878117.180378,328.587096,252.569549,65.850327,243.993408,232.866516,66.879723,32.124084,143.964249,-0.972545,0.102755,-0.208800,-0.230999,-0.317527,0.919683,0.028203,0.942665,0.332545,0.093995,-2.669581,0.476665,101.7131195068359,0.000015
203015924,jog,-23.470001,-44.574753,-17.341675,311.432556,189.743042,-641.281677,-0.031307,-0.953566,-0.299553,54.767433-77.522620,-131.889737,44.344361,-69.779510,-216.848022,15.832764,72.471228,-5.966376,-140.642391,-0.831871,-0.554085,0.031307,0.190999,-0.232877,0.953566,-0.521066,0.799223,0.299553,1.397838,1.197874,0.492867,101.7131195068359,0.000015
203016119,jog,-22.228333,-50.258026,-4.346985,310.057800,185.400208,-629.962585,0.147341,-0.940523,-0.306116,98.760071-46.296726,-161.426057,-218.590246,-60.734467,-150.344757,-195.402374,70.139599,25.702736,143.387941,-0.966544,0.209961,-0.147341,-0.202613,-0.272698,0.940523,0.157293,0.938910,0.306116,0.087034,-1.359922,-0.251425,101.7131195068359,0.000015
203016329,jog,-5.962189,-50.967041,-12.149536,327.967438,183.721756,-637.148804,0.241423,-0.763843,-0.598548,136.74296637.228178,216.214529,33.284181,46.785858,278.290314,104.619476,49.804127,21.966561,122.725383,-0.741740,0.625729,-0.241423,-0.542959,-0.348913,0.763843,0.393723,0.697655,0.598548,-1.496580,1.049533,1.156775,101.7131195068359,0.000015
203016524,jog,-24.636505,-39.408508,-22.609985,312.196991,192.066650,-644.953308,-0.020621,-0.944181,-0.328781,38.572727-44.996555,170.742353,193.581276,-19.439117,132.239014,197.323853,70.766019,-3.588917,-126.087973,-0.635634,-0.771715,0.020621,0.266214,-0.194041,0.944181,-0.724638,0.605643,0.328781,0.398810,-0.623186,0.751953,101.7131195068359,0.000015
203016719,jog,-25.517670,-36.859146,-20.596741,310.871399,195.439301,-643.320312,-0.026026,-0.948667,-0.315203,28.81341224.039875,-146.404476,-175.044389,38.205368,-146.837204,-179.690628,71.562185,-4.720141,-122.338550,-0.599064,-0.800278,0.026026,0.267222,-0.169182,0.948668,-0.754795,0.575267,0.315203,0.751581,-0.003985,0.390917,101.7131195068359,0.000015
203016929,jog,-7.529022,-38.381592,-22.007568,326.539093,194.509705,-644.902954,0.261082,-0.703808,-0.660674,96.059174-100.857497,-167.614440,-99.685894,-51.481995,-73.690292,-78.751846,44.733366,21.562734,164.917341,-0.965285,-0.007751,-0.261082,-0.184852,-0.685918,0.703808,-0.184536,0.727638,0.660674,-0.872716,0.077588,0.823836,101.7131195068359,0.000015
203017124,jog,-12.263245,-40.041031,-17.247620,322.790314,194.427048,-641.336487,0.110992,-0.936943,-0.331388,54.299286119.249297,442.242591,226.920550,136.489090,367.800323,104.782806,69.544421,18.517318,-157.105599,-0.757767,-0.643017,-0.110992,0.135960,-0.321950,0.936943,-0.638204,0.694894,0.331388,0.353089,-3.108161,0.178876,101.7131195068359,0.000015
203017319,jog,-6.180939,-38.899155,-18.619629,328.574677,195.941895,-643.836731,0.025104,-0.975868,-0.216914,12.089325-65.846411,-13.341143,-22.811713,-61.964600,-47.411713,-32.077240,77.387148,6.601726,-107.279434,-0.187934,-0.981861,-0.025104,0.208507,-0.064861,0.975868,-0.959795,0.178164,0.216914,0.827129,1.193992,0.434810,101.7131195068359,0.000015
203017530,jog,0.725525,-37.756516,-21.709167,332.543457,195.127792,-644.849792,0.365289,-0.884058,-0.291557,64.484955-48.936851,-171.579119,-144.013541,-50.873886,-240.372482,-124.178238,62.135798,51.404726,173.353133,-0.699600,-0.614104,-0.365289,-0.054099,-0.464236,0.884058,-0.712484,0.638248,0.291557,0.453131,-1.373846,-0.197716,101.7138442993164,0.000015
203017725,jog,-0.095764,-37.159897,-22.617493,334.057678,197.379257,-647.914490,0.448002,-0.774442,-0.446692,96.73797656.349607,165.323499,70.539728,46.302521,218.881195,155.118744,50.754507,45.083875,151.188168,-0.882964,-0.140245,-0.448002,-0.304893,-0.554328,0.774442,-0.356951,0.820398,0.446692,-1.629795,0.848234,0.594687,101.7138442993164,0.000015
203017920,jog,-10.676788,-38.238663,-19.636108,323.927246,196.377075,-644.704224,-0.036236,-0.987674,-0.152275,25.07214433.825023,140.343367,111.180405,16.599472,154.720215,114.063293,80.994624,-13.385516,-97.731456,-0.357446,-0.933231,0.036236,0.155104,-0.021058,0.987674,-0.920964,0.358660,0.152275,0.360776,-0.562009,-0.069939,101.7138442993164,0.000015
203018130,jog,-9.522156,-33.590973,-25.407654,325.082428,201.025757,-649.500732,0.114175,-0.940098,-0.321218,36.48068245.342057,-180.833493,-174.610248,97.129532,-203.734238,-206.740738,70.067939,19.567483,-139.795767,-0.516397,-0.848704,-0.114175,0.220059,-0.260366,0.940098,-0.827592,0.460338,0.321218,0.361274,0.398716,0.567616,101.7138442993164,0.000015
203018325,jog,-8.610107,-31.789261,-26.452148,325.843658,202.751389,-651.146484,0.352886,-0.721073,-0.596259,111.733734-5.973559,-153.863671,-103.840479,6.797348,-155.511948,-129.321121,46.143177,30.618469,160.563826,-0.933743,-0.059964,-0.352886,-0.230553,-0.653375,0.721073,-0.273805,0.754656,0.596259,-0.877193,0.206486,0.694220,101.7138442993164,0.000015
203018521,jog,-3.688721,-36.269058,-21.001160,330.243439,198.794510,-646.226013,0.363945,-0.894486,-0.259689,95.849396-79.440352,331.409221,293.770043,-90.934067,241.751617,235.509003,63.442509,54.490665,165.448247,-0.745149,-0.558835,-0.363945,-0.112335,-0.432753,0.894486,-0.657369,0.707409,0.259689,0.830864,-3.504089,-0.042313,101.7138442993164,0.000015
203018730,jog,-2.969635,-29.375229,-29.329956,331.932129,204.866943,-653.869934,0.147680,-0.923689,-0.353538,33.888916-76.595599,4.436151,71.973808,-43.861099,-33.422577,69.491241,67.471473,22.671272,-130.108073,-0.322150,-0.935099,-0.147680,0.293040,-0.246833,0.923689,-0.900193,0.254290,0.353538,0.823908,1.575895,0.778664,101.7136611938477,0.000015
203018926,jog,-13.942230,-33.002533,-23.723328,321.116333,202.288971,-649.388367,0.173824,-0.900500,-0.398603,73.706451-29.785086,-243.871003,-186.089925,-41.120071,-251.930145,-186.511810,64.223907,23.561260,-171.112388,-0.850015,-0.497251,-0.173824,0.067184,-0.429634,0.900500,-0.522456,0.753761,0.398603,-0.242230,-0.815503,0.014417,101.7136611938477,0.000015
203019120,jog,-12.082764,-35.468567,-20.327881,322.743835,198.699127,-644.118347,0.227813,-0.854009,-0.467729,100.55468867.670229,176.266337,152.131672,73.515747,217.189972,171.678741,58.650413,25.968965,165.573148,-0.963851,-0.138177,-0.227813,-0.129619,-0.503853,0.854009,-0.232788,0.852666,0.467729,-0.983566,0.814092,0.535859,101.7136611938477,0.000015
203019331,jog,-15.978088,-35.101028,-16.088501,316.673889,199.134903,-640.123596,-0.239408,-0.955604,-0.171769,20.47790364.715769,353.202524,134.707463,11.910507,449.683838,125.705917,72.863213,-54.341470,-64.131522,-0.444287,-0.863304,0.239408,0.265129,0.128559,0.955604,-0.855754,0.488036,0.171769,-0.230135,-0.103371,0.279146,101.7136611938477,0.000015
203019526,jog,-10.975677,-38.385147,-15.213501,323.776459,195.857254,-639.079712,-0.102754,-0.980174,-0.169410,36.177094114.651282,-202.974576,-265.892844,5.060425,-229.281494,-344.939941,78.571978,-31.238412,-95.989162,-0.594757,-0.797312,0.102754,0.197055,-0.020674,0.980174,-0.779380,0.603214,0.169410,-0.041442,-0.525761,0.569679,101.7136611938477,0.000015
203019721,jog,-5.083771,-31.554337,-27.095764,328.849335,203.659012,-652.545776,0.237484,-0.743442,-0.625217,99.841797-95.132685,-276.274076,-174.229028,-82.941025,-222.338211,-178.197678,48.025420,20.798940,157.945158,-0.965552,0.106353,-0.237484,-0.251131,-0.619861,0.743442,-0.068140,0.777471,0.625217,-1.155453,0.691897,0.848300,101.7136611938477,0.000015
203019931,jog,-1.374817,-37.985229,-19.102722,335.579041,200.458450,-648.280457,0.193855,-0.947547,-0.254114,58.576080104.249205,122.326079,212.141632,107.357422,66.756180,237.521652,71.360343,37.338764,-171.415822,-0.700374,-0.686947,-0.193855,0.047706,-0.316035,0.947547,-0.712180,0.654389,0.254114,0.813149,-2.216424,-0.295919,101.7136611938477,0.000015
203020126,jog,-0.399597,-38.055939,-17.743896,334.577698,196.261459,-642.283081,0.013496,-0.981698,-0.189966,17.216553-84.623947,-136.446525,24.587569,10.067932,-331.671448,-45.047974,79.021242,4.063791,-106.257887,-0.212469,-0.977075,-0.013496,0.182829,-0.053317,0.981698,-0.959912,0.206113,0.189966,2.110802,2.075722,0.744715,101.7136611938477,0.000015
203020321,jog,0.363892,-35.956100,-20.215149,335.110870,197.536636,-643.705322,0.313836,-0.880050,-0.356396,76.127319-174.527070,-297.843868,-128.668060,-174.361755,-309.453430,-129.375443,61.648443,41.366529,165.594904,-0.871591,-0.376611,-0.313836,-0.118139,-0.459951,0.880050,-0.475786,0.804120,0.356396,-0.038476,-1.068970,0.270581,101.7136611938477,0.000015
203020531,jog,-3.567810,-29.225525,-27.835571,330.812714,205.540298,-652.155945,0.373978,-0.707361,-0.599817,110.86593644.883226,134.647808,155.983024,42.032562,162.443481,234.537659,45.020586,31.942997,148.755892,-0.919618,0.120175,-0.373978,-0.366634,-0.604334,0.707361,-0.141001,0.787615,0.599817,-1.192429,0.851419,0.802134,101.7136611938477,0.000015
203020726,jog,-11.999512,-34.416519,-18.528748,322.080383,200.273239,-643.001709,-0.044620,-0.980574,-0.191006,41.161369-4.020386,167.405164,72.067716,-52.792053,274.751709,62.075546,78.688163,-13.148718,-117.175436,-0.643180,-0.764414,0.044620,0.174496,-0.089584,0.980574,-0.745567,0.638472,0.191006,-0.208936,-0.575914,-0.251727,101.7136611938477,0.000015
203020922,jog,-9.048706,-30.584671,-20.532959,328.263000,205.237503,-647.303467,0.073776,-0.960942,-0.266733,41.469238135.310405,-228.719266,-111.732544,74.960129,-225.363785,-164.204269,73.933778,15.461023,-147.149403,-0.670727,-0.738026,-0.073776,0.150122,-0.232493,0.960942,-0.726353,0.633455,0.266733,-0.371048,-1.590876,0.049738,101.7136611938477,0.000015
203021131,jog,-7.837158,-29.005051,-19.549377,326.917694,205.686600,-644.166321,0.333370,-0.751713,-0.569027,109.1870574.999734,-249.471157,-168.850186,36.873047,-82.489487,-163.180862,48.738981,30.364336,149.076913,-0.935455,0.117420,-0.333370,-0.338904,-0.565749,0.751713,-0.100338,0.816174,0.569027,-1.158474,0.743183,0.818966,101.7136611938477,0.000015
203021327,jog,-9.497528,-30.805634,-15.136597,327.661560,204.641083,-641.907959,0.106601,-0.936104,-0.335180,68.488495159.590498,108.288435,382.083924,130.228622,46.981979,291.988831,69.407258,17.642849,-168.615546,-0.878211,-0.466242,-0.106601,0.069427,-0.344803,0.936104,-0.473207,0.814696,0.335179,0.204846,-1.698982,-0.335276,101.7136611938477,0.000015
203021521,jog,-10.913177,-29.385941,-16.201416,323.315582,205.153976,-640.972839,-0.145088,-0.944114,-0.295971,15.109183-13.440252,-222.288288,-88.413780,1.078766,-300.894592,-104.803757,70.754276,-26.114565,-89.038460,-0.400441,-0.904763,0.145088,0.329574,0.005531,0.944114,-0.855002,0.425879,0.295971,2.317192,1.396811,0.409847,101.7117462158203,0.000015
203021732,jog,0.779816,-30.326797,-17.144836,335.075012,202.791168,-639.063477,0.385480,-0.823921,-0.415402,100.007172-101.981152,-255.742309,-145.423429,-109.063156,-301.011475,-119.787491,55.479277,42.860398,148.794193,-0.917328,-0.099569,-0.385480,-0.293617,-0.484709,0.823921,-0.268883,0.868990,0.415402,-0.161466,-0.892815,0.082119,101.7117462158203,0.000015
203021926,jog,-4.319489,-30.044617,-19.666199,329.679382,203.745361,-643.688538,0.258063,-0.813161,-0.521702,110.062759145.228181,298.486234,263.763628,153.328476,396.607361,333.732788,54.405904,26.319567,148.105506,-0.951501,0.167481,-0.258063,-0.307524,-0.494164,0.813161,0.008663,0.853084,0.521702,-1.093009,0.719899,0.988087,101.7117462158203,0.000015
203022122,jog,-9.241974,-37.475342,-10.624268,325.512909,197.290329,-636.216309,-0.128350,-0.987220,-0.094464,28.684101-82.860911,243.408298,23.904047,-100.233383,240.431534,8.584091,80.829954,-53.647325,-63.953174,-0.454056,-0.881680,0.128350,0.143179,0.069978,0.987220,-0.879393,0.466630,0.094464,0.207421,-0.101403,0.074628,101.7117462158203,0.000015
203022332,jog,-5.425476,-38.442383,-14.113525,329.264465,197.822266,-640.533264,0.050821,-0.993047,-0.106183,47.198395-46.592914,-425.115181,-238.201754,-80.328110,-352.538391,-289.309021,83.239563,25.576725,-157.910976,-0.674583,-0.736447,-0.050821,0.044268,-0.109078,0.993047,-0.736870,0.667643,0.106183,1.415854,-2.861720,-0.249622,101.7117462158203,0.000015
203022526,jog,1.968506,-31.454971,-23.882446,336.120880,202.860092,-648.279175,0.486290,-0.706364,-0.514365,119.59326216.572641,-211.345259,-206.689652,37.954208,-110.172195,-121.052536,44.939855,43.392922,133.633649,-0.852650,0.191074,-0.486290,-0.512317,-0.488447,0.706364,-0.102560,0.851417,0.514365,-1.353859,0.675618,0.802924,101.7117462158203,0.000015
203022721,jog,-6.099792,-38.369034,-13.744690,328.877533,195.948441,-638.208984,0.054529,-0.993826,-0.096627,60.82263235.715869,286.848383,234.492443,60.813034,259.956146,209.703766,83.629821,29.437007,-162.616956,-0.685198,-0.726312,-0.054529,0.033148,-0.105884,0.993826,-0.727602,0.679160,0.096627,0.753500,-1.564554,0.171075,101.7117462158203,0.000015
203022931,jog,-6.224182,-34.250809,-20.127014,328.158844,200.889725,-644.747925,0.049315,-0.961284,-0.271111,39.805603-12.649504,-213.409629,-129.170830,-3.967056,-252.471985,-132.811401,74.004634,10.309466,-135.956117,-0.587602,-0.807646,-0.049315,0.191572,-0.198074,0.961284,-0.786145,0.555405,0.271111,0.989655,0.570842,0.772087,101.7099914550781,0.000015
203023127,jog,-4.341919,-33.195419,-20.411621,330.484436,200.971741,-644.727112,0.303119,-0.798201,-0.520571,106.151794-102.245207,-248.149023,-117.935893,-94.195572,-220.643295,-130.540787,52.958658,30.211517,150.077611,-0.949334,0.082962,-0.303119,-0.300489,-0.522093,0.798201,-0.092036,0.848844,0.520571,-0.771091,-0.135561,0.700716,101.7099914550781,0.000015
203023322,jog,1.346405,-35.346634,-13.682190,336.632080,200.393600,-641.295837,0.326380,-0.904248,-0.275339,101.45895443.538788,461.146615,437.353624,-19.020218,457.330261,436.378784,64.722203,49.848499,152.952465,-0.888576,-0.322348,-0.326380,-0.194173,-0.380306,0.904248,-0.415607,0.866868,0.275339,-0.899820,-1.344287,0.911753,101.7099914550781,0.000015
203023532,jog,-10.125427,-35.152405,-10.035767,323.875641,198.937790,-633.833496,-0.020476,-0.980896,-0.193452,20.289295-113.201172,190.010822,-46.008772,-114.270859,86.786041,-32.308502,78.782576,-6.042083,-104.045680,-0.341508,-0.939656,0.020476,0.188717,-0.047212,0.980896,-0.920738,0.338849,0.193452,0.539809,0.912476,0.663743,101.7099914550781,0.000015
203023727,jog,-0.015869,-37.889633,-2.590637,330.462555,196.638550,-627.845764,0.336787,-0.927731,-0.160900,69.213898-27.162353,-217.007514,-207.059452,-55.878067,-354.951233,-156.924759,68.083892,64.463922,155.811968,-0.736222,-0.586985,-0.336787,-0.152932,-0.340480,0.927731,-0.659233,0.734522,0.160900,1.248448,-2.015689,-0.587361,101.7099914550781,0.000015
203023922,jog,3.094849,-31.966766,-14.046509,336.574188,202.646133,-638.599731,0.285582,-0.755490,-0.589642,117.87074346.747662,-70.256419,58.579623,58.985367,31.501190,88.574432,49.068200,25.842312,139.951375,-0.900840,0.327002,-0.285582,-0.421555,-0.501524,0.755490,0.103820,0.800964,0.589642,-2.101698,0.972394,1.162030,101.7099914550781,0.000015
203024132,jog,-12.445587,-34.631927,-7.582397,322.827850,199.086990,-631.518127,-0.097193,-0.960343,-0.261332,32.94645329.787503,217.843857,137.670222,-2.338837,200.179779,103.988495,73.810168,-20.400831,-106.661551,-0.589441,-0.801943,0.097193,0.267114,-0.079943,0.960343,-0.762371,0.592027,0.261332,0.391306,-0.675124,0.152949,101.7099685668945,0.000015
203024327,jog,-6.442780,-33.942963,-11.654358,328.011993,200.673599,-635.448853,-0.043108,-0.953890,-0.297043,24.90539687.046779,-190.565119,-119.574428,136.786423,-227.698044,-106.071060,72.533081,-8.257379,-108.041092,-0.436751,-0.898549,0.043108,0.285398,-0.092958,0.953890,-0.853110,0.428915,0.297043,1.019808,-0.258634,0.868775,101.7099685668945,0.000015
203024523,jog,3.096344,-31.667953,-15.246948,336.957306,203.994583,-641.298340,0.288609,-0.835126,-0.468262,87.179047-130.763753,-353.625422,-95.165162,-126.289627,-328.610107,-101.634323,56.628951,31.647201,159.029637,-0.951728,-0.104492,-0.288609,-0.196858,-0.513626,0.835126,-0.235501,0.851628,0.468262,-0.736409,-0.098529,0.923508,101.7099685668945,0.000015
203024735,jog,-0.288055,-32.953888,-16.025513,333.488403,201.210342,-640.125366,0.252392,-0.915171,-0.314263,77.85128876.770022,433.903367,421.178151,75.040863,384.542328,328.645111,66.229974,38.768814,167.117604,-0.887819,-0.384807,-0.252392,-0.089864,-0.392921,0.915171,-0.451334,0.835186,0.314263,-0.811199,-1.583166,0.827538,101.7099685668945,0.000015
203024927,jog,-1.559143,-32.284286,-17.612915,331.467102,201.877396,-642.019531,-0.073379,-0.967084,-0.243649,15.454545-92.353023,201.315687,-16.759684,-86.105026,81.872177,-28.934738,75.258481,-16.760458,-91.728590,-0.307636,-0.948671,0.073379,0.254343,-0.007676,0.967084,-0.916881,0.316173,0.243649,0.985457,0.960156,0.891232,101.7099685668945,0.000015
203025123,jog,-2.152496,-31.163483,-20.020020,331.927368,203.526138,-644.642944,0.247400,-0.929978,-0.271908,57.373840-22.979265,-214.161442,-260.849241,-42.097946,-280.287201,-252.134125,68.431396,42.297919,174.882673,-0.792531,-0.557393,-0.247400,-0.032790,-0.366150,0.929978,-0.608949,0.745149,0.271908,1.299353,-2.317733,-1.026187,101.7099685668945,0.000015
203025334,jog,-3.698212,-26.598450,-25.365723,331.654938,207.795746,-649.226807,0.473290,-0.667910,-0.574363,121.57023692.517740,187.932764,-41.565680,75.892731,246.900528,46.057724,41.905957,39.489366,133.272420,-0.838264,0.270757,-0.473290,-0.541885,-0.510154,0.667910,-0.060609,0.816354,0.574363,-2.143074,0.658068,0.952110,101.7099685668945,0.000015
203025528,jog,-5.388489,-32.895950,-17.796509,329.891724,201.871887,-642.783752,0.100196,-0.988404,-0.114097,47.28012111.537478,28.137910,172.334934,-7.697357,48.213669,122.464066,81.266024,41.288538,-172.358818,-0.658002,-0.746321,-0.100196,0.020191,-0.150499,0.988404,-0.752746,0.648348,0.114097,0.351418,-0.716811,0.062812,101.7094116210938,0.000015
203025723,jog,-2.361267,-28.691284,-22.200562,332.469208,206.075821,-646.591858,0.118634,-0.963080,-0.241665,24.71487417.056454,-241.282744,-118.806988,13.075348,-253.389099,-125.103882,74.382506,26.146637,-140.705450,-0.425931,-0.896944,-0.118634,0.170495,-0.208345,0.963080,-0.888546,0.389979,0.241665,0.951983,0.657279,0.651806,101.7094116210938,0.000015
203025934,jog,-0.190033,-29.357864,-20.304993,334.711578,204.809982,-644.169800,0.514768,-0.745080,-0.424110,99.384216-58.040612,-308.912408,-144.482366,-26.844742,-258.688141,-126.587494,48.165984,50.515423,147.400413,-0.845510,-0.141870,-0.514768,-0.359343,-0.561897,0.745080,-0.394951,0.814951,0.424110,-0.491423,-0.461905,0.488776,101.7094116210938,0.000015
203026128,jog,-2.656738,-28.165451,-20.479065,333.596985,206.380493,-645.307190,0.383332,-0.790874,-0.477048,89.842987-32.809114,306.359693,389.402882,-21.852203,479.929626,477.458435,52.267305,38.783604,160.993228,-0.898356,-0.214507,-0.383332,-0.199309,-0.578613,0.790874,-0.391449,0.786888,0.477048,-1.038300,0.175457,0.863477,101.7094116210938,0.000015
203026323,jog,-9.654541,-31.855408,-14.461426,326.599518,202.839081,-640.714844,-0.102306,-0.969753,-0.221615,19.001175-76.230293,220.936074,-46.715810,-83.753159,182.998566,-75.280426,75.871954,-24.779749,-84.835771,-0.323081,-0.940825,0.102306,0.243099,0.021971,0.969753,-0.914616,0.338179,0.221615,0.923137,0.953273,0.628262,101.7094116210938,0.000015
203026534,jog,2.194214,-31.970673,-15.254639,332.897247,202.483429,-640.282593,0.373233,-0.888699,-0.266291,79.02938838.957541,-124.811503,-316.176560,-8.165237,-113.023956,-168.741180,62.710246,54.493232,156.690364,-0.819660,-0.434573,-0.373233,-0.181425,-0.421069,0.888699,-0.543361,0.796145,0.266291,1.526059,-2.620181,-1.060552,101.7094116210938,0.000015
203026728,jog,2.054779,-30.323044,-17.208313,336.133911,204.217178,-641.231079,0.475456,-0.774765,-0.416750,115.70469764.515324,6.072004,-13.126051,-7.274261,118.367920,122.919800,50.783719,48.764532,130.170158,-0.870400,0.127851,-0.475456,-0.483122,-0.407839,0.774765,-0.094855,0.904058,0.416750,-2.531914,0.305542,0.412356,101.7094116210938,0.000015
203026924,jog,-13.957031,-24.525955,-22.086182,319.301025,210.611328,-646.567200,-0.316353,-0.862516,-0.394952,35.512844106.301574,72.207339,262.401060,111.086853,102.995499,223.856430,59.600262,-38.694453,-94.272776,-0.595868,-0.738147,0.316353,0.504623,-0.037702,0.862516,-0.624737,0.673585,0.394952,-0.132255,-1.617358,0.458825,101.708984375,0.000015
203027136,jog,1.028687,-26.654739,-20.823120,334.882080,207.809509,-645.147766,0.039303,-0.926163,-0.375069,17.900879165.751097,-261.910297,-223.391254,145.596558,-467.675354,-267.587402,67.844438,5.982185,-111.724377,-0.278458,-0.959644,-0.039303,0.350337,-0.139589,0.926163,-0.894273,0.244128,0.375069,1.886188,-1.655364,0.890648,101.708984375,0.000015
203027328,jog,-0.225800,-23.437424,-24.739197,334.750183,210.655426,-648.828186,0.473240,-0.698073,-0.537344,108.898987-88.582697,-264.070276,-113.870462,-91.531418,-271.334290,-84.410477,44.272599,41.370422,143.789086,-0.878062,0.071079,-0.473240,-0.422999,-0.577725,0.698073,-0.223784,0.813131,0.537344,-1.030597,-0.094118,0.561300,101.708984375,0.000015
203027524,jog,-4.128418,-23.823929,-24.548767,329.581390,211.613907,-649.851135,0.182683,-0.917440,-0.353455,76.860596233.131350,446.702841,353.445569,182.273819,316.669525,322.612823,66.554700,27.332197,-166.915628,-0.769932,-0.611417,-0.182683,0.090073,-0.387544,0.917440,-0.631736,0.689912,0.353454,1.388301,-3.914927,0.208481,101.708984375,0.000015
203027735,jog,-2.663696,-29.288666,-18.677429,332.164062,205.103134,-643.368225,-0.121023,-0.957117,-0.263212,5.644564-22.613426,17.390353,-67.698998,-0.638779,-232.024002,-95.266708,73.159913,-24.692741,-76.930911,-0.184032,-0.975441,0.121023,0.282198,0.065509,0.957117,-0.941540,0.210293,0.263211,2.188223,1.197458,0.640256,101.708984375,0.000015
203027929,jog,-5.067139,-29.894241,-17.048096,329.010345,204.420822,-641.220459,0.255903,-0.907665,-0.332651,87.047363-153.610654,-61.957472,-149.539301,-112.463654,-20.206940,-165.133636,65.184702,37.570503,158.672531,-0.939608,-0.227268,-0.255903,-0.152642,-0.390952,0.907665,-0.306329,0.891911,0.332651,-0.162962,-1.106251,-0.086950,101.708984375,0.000015
203028124,jog,3.048950,-27.471634,-18.778687,336.007446,207.813568,-644.462646,0.547834,-0.709491,-0.443283,128.22111558.879202,234.439113,97.775476,47.153076,264.887756,144.226791,45.193550,51.021786,122.201627,-0.801915,0.238347,-0.547834,-0.596314,-0.375542,0.709491,-0.036630,0.895633,0.443283,-1.889677,0.676258,0.504654,101.708984375,0.000015
203028334,jog,-6.355896,-32.292130,-11.056091,328.702606,202.925385,-635.746033,0.023687,-0.989691,-0.141248,43.363525-7.126910,44.324793,89.071971,-50.144913,83.624313,51.759415,81.765770,9.520001,-141.194102,-0.665961,-0.745610,-0.023687,0.089754,-0.111608,0.989691,-0.740567,0.656970,0.141248,0.618219,-0.522165,-0.190814,101.7083587646484,0.000015
203028529,jog,-1.314758,-29.656616,-15.664673,333.442535,205.483627,-641.707214,0.218924,-0.929596,-0.296519,56.251068116.191859,-122.982405,-29.464746,118.472305,-87.592316,-143.992645,68.371931,36.439002,-171.089303,-0.709255,-0.670096,-0.218924,0.057091,-0.364132,0.929596,-0.702636,0.646822,0.296519,-0.076194,-1.085419,0.123927,101.7083587646484,0.000015
203028724,jog,-5.779236,-24.052414,-23.063293,328.001953,210.860962,-648.064270,0.239700,-0.695770,-0.677088,100.27929715.375796,-95.913881,-110.719060,21.051071,-83.664246,-99.014221,44.088638,19.494779,157.496039,-0.959762,0.146293,-0.239700,-0.274914,-0.663571,0.695770,-0.057272,0.733670,0.677088,-1.032302,0.961960,1.320459,101.7083587646484,0.000015
203028935,jog,-17.359802,-29.250534,-11.459656,317.246704,205.739838,-636.903320,-0.240263,-0.951535,-0.191979,43.630753156.927121,63.486970,159.582794,119.576950,69.899994,168.302948,72.088838,-51.373813,-94.630327,-0.791339,-0.562190,0.240263,0.306538,-0.024827,0.951534,-0.528978,0.826636,0.191979,0.426420,-1.639896,-0.291542,101.7083587646484,0.000015
203029129,jog,-11.190918,-26.014557,-18.984070,323.487122,208.451431,-644.051270,-0.263969,-0.895673,-0.357896,8.995317-32.491398,-14.258356,-108.550188,-7.850204,-151.197662,-184.726532,63.595042,-36.410871,-75.605435,-0.314889,-0.911683,0.263969,0.430752,0.110555,0.895673,-0.845753,0.395743,0.357896,2.151405,1.374113,0.483339,101.7083587646484,0.000015
203029324,jog,-8.593414,-30.277008,-14.229248,326.462128,204.564804,-639.593628,0.166448,-0.929929,-0.327914,75.846527-129.279430,-214.005796,-145.152284,-131.420578,-224.111313,-141.222000,68.423707,26.912155,168.634754,-0.957161,-0.236933,-0.166448,-0.072468,-0.360529,0.929929,-0.280340,0.902154,0.327914,-0.297490,-0.664355,0.102816,101.7083587646484,0.000015
203029535,jog,-13.730194,-24.373611,-20.434387,320.875488,210.467133,-645.502808,0.100594,-0.812222,-0.574610,104.72120747.564065,194.642715,210.835550,64.058029,274.532776,261.793640,54.313567,9.929814,160.154770,-0.974070,0.202652,-0.100594,-0.198036,-0.548706,0.812222,0.109402,0.811082,0.574610,-1.127983,0.736584,0.878382,101.7054290771484,0.000015
203029729,jog,-7.813080,-25.407227,-21.804565,327.015686,209.134552,-646.495544,-0.122103,-0.931614,-0.342324,30.849653-17.982109,-67.351901,98.113857,-19.123154,-6.912537,18.915100,68.687888,-19.630764,-107.119984,-0.576378,-0.808009,0.122103,0.347344,-0.106990,0.931614,-0.739689,0.579374,0.342324,0.495516,-0.182262,-0.295616,101.7054290771484,0.000015
203029925,jog,-6.766907,-26.003418,-21.119263,328.289673,208.988388,-646.483826,0.123766,-0.941433,-0.313664,54.82717939.484815,-210.068957,-290.036087,25.292465,-165.362320,-276.615601,70.293682,21.533216,-171.155134,-0.866012,-0.484463,-0.123766,0.051848,-0.333189,0.941433,-0.497327,0.808876,0.313664,0.854536,-2.385684,-0.873439,101.7054290771484,0.000015
203030135,jog,-11.494720,-26.540619,-19.136047,322.960083,208.149979,-643.905579,0.253049,-0.796630,-0.548950,121.32908647.627377,-80.330278,-62.032557,74.769974,12.328064,-2.284485,52.809508,24.748261,136.171954,-0.886107,0.388304,-0.253049,-0.418591,-0.436075,0.796630,0.198986,0.811824,0.548950,-1.457029,1.031631,0.797028,101.7054290771484,0.000015
203030330,jog,-7.378387,-27.876877,-17.746887,326.256805,207.635498,-643.275146,0.043931,-0.966694,-0.252138,57.14639372.844282,228.589247,105.205438,50.018570,232.888885,107.552155,75.170912,9.883765,-154.496906,-0.817722,-0.573934,-0.043932,0.110196,-0.230999,0.966694,-0.564967,0.785646,0.252138,0.316130,-1.101712,0.617357,101.7054290771484,0.000015
203030525,jog,-3.248718,-27.189835,-18.085815,330.978546,207.125305,-642.631897,0.021192,-0.965868,-0.258165,26.473206-12.679956,-198.730733,-118.738836,-6.644073,-224.107590,-121.552322,74.987266,4.692647,-125.049620,-0.507672,-0.861290,-0.021192,0.212059,-0.148759,0.965868,-0.835045,0.485850,0.258165,1.077166,0.664431,0.510897,101.7054290771484,0.000015
203030735,jog,-5.874451,-27.346970,-17.359131,328.431061,207.418533,-641.755188,0.286379,-0.868484,-0.404625,94.989502-100.937451,-282.653090,-158.851991,-93.700012,-255.336533,-150.131180,60.282993,35.289491,154.469956,-0.952783,-0.100953,-0.286379,-0.213646,-0.447314,0.868484,-0.215778,0.888661,0.404625,-0.588183,-0.242966,0.598198,101.7054290771484,0.000015
203030930,jog,-8.804901,-28.253922,-15.509155,327.603851,207.041962,-640.862061,0.114852,-0.945390,-0.305036,71.22387721.653313,439.736349,432.711663,61.404099,235.552353,209.479141,70.977379,20.632380,-175.602446,-0.907562,-0.403905,-0.114852,0.024992,-0.324982,0.945390,-0.419173,0.855130,0.305036,-0.260177,-2.539656,0.837598,101.7046966552734,0.000015
203031125,jog,-11.421783,-27.136185,-14.934448,323.634003,207.706070,-639.848816,-0.155028,-0.963720,-0.217279,25.751629-56.989668,116.719354,-91.420463,-74.760925,51.748932,-77.003021,74.519202,-35.507780,-86.632902,-0.510964,-0.845507,0.155028,0.266455,0.015677,0.963720,-0.817262,0.533735,0.217279,1.188765,0.854635,0.393121,101.7046966552734,0.000015
203031335,jog,-6.252747,-28.094208,-13.461487,326.550110,206.217850,-636.820312,0.225711,-0.927169,-0.299019,82.430969-85.617125,-182.651471,-161.300655,-89.890121,-152.812073,-137.495056,67.997737,37.046934,162.504721,-0.929149,-0.292808,-0.225711,-0.112628,-0.357313,0.927169,-0.352132,0.886900,0.299019,0.234006,-1.483231,-0.182762,101.7046966552734,0.000015
203031530,jog,-4.665558,-26.216370,-15.399963,329.338043,208.248672,-639.348267,0.328018,-0.775153,-0.539946,119.63598688.238565,128.653894,66.019304,95.334869,194.301880,173.280090,50.818934,31.278801,135.402564,-0.891138,0.313493,-0.328018,-0.443581,-0.449859,0.775153,0.095443,0.836271,0.539946,-1.677018,0.924796,0.845137,101.7046966552734,0.000015
203031725,jog,-13.442383,-26.911652,-9.327942,321.237030,207.704941,-633.795349,-0.184550,-0.974869,-0.124784,44.70159150.326012,181.240231,124.653807,21.798431,197.465500,116.603836,77.127802,-55.935366,-81.167581,-0.712006,-0.677487,0.184550,0.220135,0.034206,0.974869,-0.666774,0.734739,0.124784,0.417674,-0.620971,-0.132464,101.7046966552734,0.000015
203031937,jog,-10.209534,-25.555298,-12.675903,324.243835,208.910660,-637.070129,0.019247,-0.958503,-0.284433,57.59222460.144201,-166.129585,-193.588434,23.030991,-291.191711,-234.532898,73.436190,3.871152,-150.000210,-0.831696,-0.554898,-0.019247,0.142541,-0.246890,0.958503,-0.536623,0.794439,0.284433,0.438181,0.516028,0.746820,101.7046966552734,0.000015
203032130,jog,-12.285095,-21.740982,-17.125244,321.720886,213.098572,-641.599121,0.126181,-0.763601,-0.633239,108.762848-17.206298,-0.120651,-83.945689,22.498001,-22.484909,-94.875870,49.782716,11.269300,156.099457,-0.957081,0.260911,-0.126181,-0.261601,-0.590320,0.763601,0.124745,0.763837,0.633239,-0.795340,0.682058,0.841155,101.7046966552734,0.000015
203032326,jog,-10.354858,-24.806793,-13.728333,323.650421,209.957397,-638.577087,0.076766,-0.966347,-0.245520,73.10055580.957426,555.556331,158.708516,37.707474,411.246826,166.467392,75.093570,17.362700,-158.781347,-0.785358,-0.614263,-0.076766,0.093103,-0.239802,0.966347,-0.612000,0.751782,0.245520,1.483293,-3.038826,-0.069208,101.7038879394531,0.000015
203032535,jog,-5.707703,-25.168549,-14.435913,328.744904,209.221985,-639.280090,-0.201448,-0.962961,-0.179234,358.937988-31.834617,117.074811,-42.560538,-25.359024,-42.159622,-92.468918,74.357097,-48.339626,-50.883819,-0.138815,-0.969613,0.201448,0.209206,0.170115,0.962961,-0.967969,0.175818,0.179234,2.087465,1.393961,0.952183,101.7038879394531,0.000015
203032731,jog,1.259308,-26.347076,-13.846436,333.685577,207.738876,-637.208374,0.393989,-0.908684,-0.138082,67.970703-44.242731,-186.503629,-223.773308,-41.478485,-290.030701,-212.098221,65.324107,70.685926,153.691246,-0.676557,-0.622128,-0.393989,-0.185033,-0.374241,0.908684,-0.712765,0.687677,0.138081,0.760919,-1.818764,0.064015,101.7038879394531,0.000015
203032926,jog,-3.376343,-24.039627,-17.491638,332.053406,210.653748,-642.402405,0.489225,-0.681968,-0.543671,122.65739456.182315,-126.789744,60.969581,81.125366,-84.743195,106.666962,42.997623,41.982644,128.755864,-0.821070,0.294112,-0.489225,-0.570347,-0.457848,0.681968,-0.023415,0.838972,0.543671,-1.518019,0.872260,0.690247,101.7038879394531,0.000015
203033136,jog,-14.411133,-25.866745,-11.513245,319.746429,209.198349,-635.911072,-0.220399,-0.975152,-0.022443,29.902184-3.104462,275.721240,129.624901,-106.252792,282.953949,84.263702,77.200593,-84.185740,-47.684743,-0.649169,-0.728013,0.220399,0.163817,0.149142,0.975152,-0.742794,0.669144,0.022443,0.434357,-0.643043,-0.031360,101.7038879394531,0.000015
203033331,jog,-12.514191,-22.415375,-15.851318,321.199493,213.621841,-641.754578,-0.008294,-0.974335,-0.224948,56.21621783.001217,-54.929365,-135.770582,93.408203,-228.980103,-205.119019,76.991194,-2.111648,-144.067981,-0.830232,-0.557357,0.008294,0.132095,-0.182267,0.974336,-0.541541,0.810020,0.224948,0.276544,0.615144,0.091556,101.7038879394531,0.000015
203033526,jog,-9.667328,-22.930923,-14.924927,324.861481,211.610046,-639.543640,0.358127,-0.822466,-0.441921,108.53706429.895851,-234.428922,-125.698143,34.393875,-236.924271,-126.279099,55.332424,39.020831,133.969216,-0.912078,0.199645,-0.358127,-0.409383,-0.394912,0.822466,0.022772,0.896765,0.441922,-0.435001,0.200243,0.499661,101.7038879394531,0.000015
203033736,jog,-7.486298,-22.024948,-15.506653,326.586731,211.615631,-639.153076,0.408253,-0.825881,-0.388908,108.902069-15.670010,443.677586,335.438814,-47.216949,558.398621,423.359314,55.677959,46.390117,135.836215,-0.911410,0.051590,-0.408253,-0.392837,-0.404474,0.825881,-0.122520,0.913093,0.388908,-0.848850,-1.070862,0.953895,101.7022705078125,0.000015
203033931,jog,-9.386932,-14.684830,-19.659790,325.217224,219.931076,-644.577942,-0.231259,-0.915202,-0.330037,26.147137-30.500107,139.406934,65.414156,-25.519547,62.432999,-3.069595,66.234441,-35.019201,-92.486142,-0.560220,-0.795407,0.231259,0.402616,-0.017481,0.915202,-0.723916,0.605823,0.330037,0.918301,0.812205,0.771565,101.7022705078125,0.000015
203034127,jog,-12.257050,-17.839478,-15.705872,323.021301,216.628906,-640.167664,0.122427,-0.965513,-0.229774,68.964142-126.875805,-32.455956,-270.000957,-150.285980,-2.606979,-252.947281,74.908920,28.049295,173.083809,-0.930793,-0.344437,-0.122427,-0.031351,-0.258460,0.965513,-0.364201,0.902531,0.229774,0.905054,-1.987505,-1.644539,101.7022705078125,0.000015
203034336,jog,-17.457123,-10.581787,-17.413513,317.824127,224.335999,-642.476013,0.178731,-0.672639,-0.718061,121.081451-25.258224,-33.284564,-23.402620,61.549561,158.336121,75.886047,42.271104,13.977299,143.496879,-0.876671,0.446658,-0.178731,-0.440184,-0.594806,0.672639,0.194130,0.668358,0.718061,-2.125966,1.374391,1.375700,101.7022705078125,0.000015
203034532,jog,-4.893585,-15.720078,-18.417786,329.788757,219.346054,-643.335938,-0.089905,-0.985970,-0.140642,47.266109144.975847,74.318223,220.851503,119.155548,105.375900,139.009842,80.391046,-32.588693,-109.024940,-0.776697,-0.623425,0.089905,0.157805,-0.054413,0.985970,-0.609786,0.779988,0.140642,0.343644,-1.545768,0.082689,101.7022705078125,0.000015
203034727,jog,-1.654388,-13.611465,-19.516785,334.073273,220.782867,-644.349487,-0.162892,-0.961453,-0.221528,22.734352-12.833941,-294.995488,-181.445041,-6.112442,-278.822998,-187.937851,74.039758,-36.327489,-94.194416,-0.626965,-0.761828,0.162892,0.274234,-0.020112,0.961453,-0.729185,0.647467,0.221528,0.934239,0.520504,0.909043,101.7022705078125,0.000015
203034936,jog,-10.355560,-13.935425,-17.344604,324.697632,220.531998,-642.108459,0.437201,-0.818690,-0.372293,109.429108-94.278597,-341.810151,-140.476296,-101.621948,-330.860901,-125.737320,54.953857,49.584402,133.811996,-0.898630,0.036322,-0.437201,-0.414377,-0.397540,0.818690,-0.144068,0.916866,0.372293,-0.241477,-0.235219,0.646661,101.7021713256836,0.000015
203035131,jog,-11.699646,-13.262054,-14.957703,321.328735,221.199722,-639.289795,0.394682,-0.774347,-0.494584,117.07603570.440301,302.905858,275.619962,67.279694,467.025208,407.827698,50.745863,38.590155,134.372939,-0.891859,0.220939,-0.394682,-0.452300,-0.442506,0.774347,-0.003566,0.869123,0.494584,-1.055906,0.380304,0.882645,101.7021713256836,0.000015
203035327,jog,-4.870850,-12.716568,-14.972107,328.380432,221.445770,-639.376648,-0.146306,-0.969296,-0.197637,37.017330-53.186000,253.631206,55.932385,-59.980011,255.103851,29.742157,75.765088,-36.511769,-91.105328,-0.592116,-0.792460,0.146306,0.245852,-0.004743,0.969296,-0.767434,0.609906,0.197637,0.435842,0.368908,0.341237,101.7021713256836,0.000015
203035536,jog,-5.687592,-11.519272,-15.206238,328.545959,223.695801,-639.828552,0.171983,-0.958638,-0.226793,75.90167254.734879,-194.546013,-247.956631,2.305176,-207.786896,-180.365875,73.463394,37.173936,166.482023,-0.910129,-0.376944,-0.171983,-0.066532,-0.276743,0.958638,-0.408948,0.883927,0.226793,1.028869,-2.573878,-1.038786,101.7021713256836,0.000015
203035732,jog,-16.857605,-10.950790,-13.207642,318.578735,224.717178,-638.569824,0.226596,-0.806825,-0.545608,132.83184844.624781,-16.620184,-15.845551,42.790115,87.465820,58.299011,53.786842,22.553538,125.646804,-0.789687,0.570130,-0.226596,-0.480092,-0.344305,0.806825,0.381977,0.745926,0.545608,-1.835559,0.842134,1.031845,101.7021713256836,0.000015
203035927,jog,-1.251526,-9.561234,-20.494324,333.427155,224.979889,-645.411621,-0.007364,-0.955716,-0.294198,63.64328025.339623,218.145601,144.639569,12.868637,192.606064,124.144424,72.885049,-1.433858,-143.539885,-0.818231,-0.574843,0.007364,0.174886,-0.236689,0.955716,-0.547644,0.783284,0.294198,0.831552,-0.967318,0.258767,101.7021713256836,0.000015
203036137,jog,6.342834,-6.616013,-23.055359,343.340759,226.959106,-645.925415,0.018862,-0.895945,-0.443765,39.2008679.091818,-278.842965,-177.541670,51.180161,-235.590912,-169.964874,63.630014,2.433825,-130.293571,-0.617101,-0.786658,-0.018862,0.338784,-0.287244,0.895945,-0.710220,0.546498,0.443765,0.920530,0.224466,1.078439,101.7021713256836,0.000015
203036332,jog,-13.768402,-8.102951,-24.659119,319.558411,226.134628,-649.063171,0.323714,-0.787043,-0.525141,113.335251-53.651488,-176.281500,-169.807054,-61.622345,-152.508972,-164.736511,51.910006,31.651033,141.157401,-0.922047,0.212225,-0.323714,-0.386908,-0.480485,0.787043,0.011490,0.850938,0.525141,-0.639907,-0.064642,0.522989,101.7021713256836,0.000015
203036528,jog,-16.679016,-6.012222,-25.213440,318.602631,228.980377,-650.426025,0.225358,-0.801041,-0.554570,108.901108113.823573,432.894193,505.729336,149.422073,472.614807,526.739441,53.229599,22.115124,164.310713,-0.973463,-0.039806,-0.225358,-0.161876,-0.576307,0.801041,-0.161761,0.816263,0.554570,-0.499467,-1.743515,0.461796,101.7021713256836,0.000015
203036737,jog,2.776215,-12.477875,-24.203674,337.155762,222.138016,-648.448792,-0.170219,-0.929152,-0.328181,21.349216-63.510978,103.269243,12.818308,-57.470688,-85.591660,3.617905,68.302977,-27.414634,-92.070858,-0.459604,-0.871659,0.170219,0.369457,-0.013359,0.929152,-0.807630,0.489931,0.328181,1.793769,1.300688,0.871195,101.7021713256836,0.000015
203036932,jog,-11.626099,-12.968872,-22.007507,322.901123,221.347076,-646.625916,0.160022,-0.935229,-0.315815,89.058533-134.444201,-218.588306,-183.644662,-146.877228,-196.299164,-145.871002,69.265219,26.871194,162.568852,-0.977688,-0.136084,-0.160022,-0.106057,-0.337784,0.935229,-0.181323,0.931334,0.315815,0.159405,-1.385556,-0.176830,101.7021713256836,0.000015
203037127,jog,-21.277527,-9.844391,-18.574097,314.228027,224.998749,-643.934448,0.114995,-0.732448,-0.671041,124.164017-41.986744,-19.645994,53.394143,-17.498978,67.912979,99.429184,47.091981,9.724194,140.788059,-0.841892,0.527252,-0.114995,-0.430410,-0.527511,0.732448,0.325523,0.666137,0.671041,-1.979375,1.427928,1.316961,101.7021713256836,0.000015
203037337,jog,-0.275330,-9.112198,-24.386108,333.582336,226.026047,-649.686768,0.074459,-0.911706,-0.404039,61.38046350.178750,134.007437,137.447489,48.025330,125.336899,172.053482,65.742235,10.441756,-157.705445,-0.847239,-0.525968,-0.074459,0.155861,-0.380130,0.911706,-0.507832,0.760828,0.404039,0.628757,-1.009070,-0.353636,101.7021713256836,0.000015
203037532,jog,4.419556,-13.521652,-22.912292,340.373352,220.949509,-646.618042,0.014600,-0.955644,-0.294161,48.69363439.812674,-208.720131,-123.462677,72.006729,-171.269180,-138.602524,72.871036,2.841499,-140.183612,-0.736821,-0.675930,-0.014600,0.188592,-0.226224,0.955644,-0.649252,0.701385,0.294161,0.443209,0.781084,0.809603,101.7021713256836,0.000015
203037728,jog,-5.023865,-12.427109,-25.023926,325.385101,222.851395,-649.755798,0.278464,-0.852189,-0.442980,101.742188-65.735271,-308.988223,-113.226894,-51.798569,-294.064331,-114.382858,58.450585,32.154144,142.874002,-0.948758,0.149387,-0.278464,-0.315808,-0.417180,0.852189,0.011136,0.896463,0.442980,-0.339271,-0.064086,0.776445,101.7043151855469,0.000015
203037938,jog,-5.169037,-11.604401,-26.901489,324.943329,224.123718,-651.111633,0.165083,-0.855609,-0.490593,101.89630173.256729,398.901434,349.964167,77.731171,500.763245,490.662720,58.827032,18.597891,157.825178,-0.980671,0.105033,-0.165083,-0.195369,-0.479338,0.855609,0.010736,0.871323,0.490593,-1.120985,-0.012891,0.877999,101.7043151855469,0.000015
203038133,jog,5.688080,-25.586899,-16.957764,338.501099,210.372498,-643.019043,-0.231120,-0.949644,-0.211566,20.337994-3.343108,224.535147,13.916669,-26.770370,150.627380,-39.305298,71.739886,-47.529236,-74.325350,-0.492003,-0.839355,0.231120,0.301679,0.084654,0.949644,-0.816654,0.536952,0.211566,0.805339,0.831175,0.486834,101.7043151855469,0.000015
203038327,jog,1.428223,-23.128830,-21.124817,336.184113,211.712738,-645.816895,0.208463,-0.962927,-0.171214,79.219696-65.237951,-73.194274,-299.107180,-87.118408,-79.764160,-287.027039,74.349943,50.603181,151.953673,-0.910029,-0.358316,-0.208463,-0.126838,-0.238082,0.962927,-0.394663,0.902733,0.171214,1.273196,-2.677347,-0.823339,101.7043151855469,0.000015
203038538,jog,-7.977936,-16.487320,-26.394409,329.332947,219.111328,-651.664673,0.447457,-0.686442,-0.573219,138.80275023.249476,-193.386957,-92.737590,35.255463,-101.003708,-12.382156,43.349083,37.975697,115.769015,-0.723078,0.526251,-0.447457,-0.654869,-0.316139,0.686442,0.219782,0.789376,0.573219,-1.547264,0.571787,0.922417,101.7043151855469,0.000015
203038733,jog,4.138733,-21.546722,-22.152771,338.512390,212.243912,-646.621765,0.151497,-0.969776,-0.191268,67.45324712.662874,323.644552,221.799178,15.059235,188.025772,239.354172,75.877396,38.381651,172.838728,-0.852841,-0.499712,-0.151497,-0.030417,-0.242094,0.969776,-0.521285,0.831672,0.191268,0.892280,-2.035336,0.119994,101.7043151855469,0.000015
203038928,jog,1.203827,-22.832428,-24.052246,336.857788,211.712143,-648.435852,-0.169956,-0.941436,-0.291228,32.122978-17.503647,-270.957320,-111.178848,-7.533600,-294.558350,-128.734665,70.294087,-30.267161,-106.360677,-0.698585,-0.695049,0.169956,0.323539,-0.094981,0.941436,-0.638201,0.712661,0.291228,1.458164,1.131621,0.676787,101.7043151855469,0.000015
203039138,jog,-5.086578,-21.278763,-26.511230,328.394714,213.633743,-651.439880,0.262339,-0.912266,-0.314560,101.807404-41.075658,-216.014049,-192.314590,-19.380890,-288.276855,-148.668900,65.820451,39.827704,142.202931,-0.964934,0.008968,-0.262339,-0.251029,-0.323658,0.912266,-0.076727,0.946132,0.314560,0.566426,-0.198940,0.065705,101.7044525146484,0.000015
203039333,jog,-12.809387,-21.001541,-26.131104,320.666901,213.161545,-650.458740,0.273236,-0.850855,-0.448763,123.944305-26.488047,247.127009,183.638542,-44.112915,308.217773,235.937119,58.304754,31.335781,128.422291,-0.877473,0.394187,-0.273236,-0.411626,-0.326512,0.850855,0.246181,0.859073,0.448763,-1.480039,0.717279,0.755510,101.7044525146484,0.000015
203039529,jog,0.298615,-23.437103,-26.009521,335.432434,211.855240,-651.073853,-0.341296,-0.887772,-0.308832,27.30419943.545700,-9.694875,190.917420,47.599274,13.151764,169.909454,62.594631,-47.858678,-81.179512,-0.547606,-0.763966,0.341296,0.454839,0.070579,0.887772,-0.702316,0.641385,0.308832,0.262118,-0.284316,-0.022223,101.7044525146484,0.000015
203039738,jog,-0.247223,-26.438309,-25.559875,335.107513,208.254852,-650.471436,-0.205991,-0.949321,-0.237396,37.16723673.076481,-281.805955,-226.684307,70.048569,-145.273911,-256.570923,71.680974,-40.948517,-96.330741,-0.701658,-0.682088,0.205991,0.312391,-0.034658,0.949321,-0.640381,0.730448,0.237396,0.230894,-1.689976,0.308563,101.7044525146484,0.000015
203039933,jog,-10.188538,-10.129105,-36.548828,327.100128,222.171204,-660.089294,-0.105791,-0.788481,-0.605893,76.066574-103.799935,-126.991795,45.792833,-68.038986,-97.604202,89.785965,52.043762,-9.904208,-160.959736,-0.975445,-0.193171,0.105791,0.200652,-0.581409,0.788481,-0.090803,0.790347,0.605893,-0.474958,0.948484,0.883069,101.7044525146484,0.000015
203040129,jog,-8.996826,-11.177475,-38.486572,325.669861,221.564880,-662.126282,-0.443581,-0.669523,-0.595798,36.198940116.057263,38.713621,111.412605,102.397736,25.710342,125.299606,42.030256,-36.668262,-107.366581,-0.621016,-0.646200,0.443581,0.708931,-0.221711,0.669523,-0.334299,0.730253,0.595798,-0.252220,-0.556826,-0.837063,101.7044525146484,0.000015
                            ын